{
    "metrics": {
        "checks": {
            "passes": 4,
            "fails": 44,
            "value": 0.08333333333333333
        },
        "data_sent": {
            "count": 7704,
            "rate": 169.40215823451004
        },
        "data_received": {
            "count": 86762,
            "rate": 1907.797255028889
        },
        "http_req_connecting": {
            "avg": 4.595775,
            "min": 4.2382,
            "med": 4.4323,
            "max": 5.043,
            "p(90)": 4.98896,
            "p(95)": 5.01598
        },
        "http_req_tls_handshaking": {
            "min": 30.4393,
            "med": 32.39315,
            "max": 77.5308,
            "p(90)": 48.399739999999994,
            "p(95)": 62.965269999999975,
            "avg": 37.99725
        },
        "http_req_sending": {
            "avg": 0.1618125,
            "min": 0,
            "med": 0,
            "max": 0.7649,
            "p(90)": 0.6001899999999999,
            "p(95)": 0.6825449999999998
        },
        "http_req_receiving": {
            "p(90)": 27.20805,
            "p(95)": 33.18657499999999,
            "avg": 10.494475000000001,
            "min": 0,
            "med": 0.93685,
            "max": 39.1651
        },
        "vus": {
            "value": 1,
            "min": 1,
            "max": 5
        },
        "vus_max": {
            "value": 5,
            "min": 5,
            "max": 5
        },
        "http_reqs": {
            "count": 8,
            "rate": 0.17591086005660442
        },
        "http_req_duration{expected_response:true}": {
            "avg": 1701.2156375,
            "min": 572.3854,
            "med": 1203.5776999999998,
            "max": 3908.9358,
            "p(90)": 3261.06578,
            "p(95)": 3585.0007899999996
        },
        "http_req_waiting": {
            "min": 560.8507,
            "med": 1183.3479,
            "max": 3908.9358,
            "p(90)": 3261.06578,
            "p(95)": 3585.0007899999996,
            "avg": 1690.5593499999995
        },
        "http_req_failed": {
            "fails": 8,
            "passes": 0,
            "value": 0
        },
        "iteration_duration": {
            "avg": 4503.38735,
            "min": 3504.7135,
            "med": 4466.5399,
            "max": 5575.7561,
            "p(90)": 5296.1129,
            "p(95)": 5435.934499999999
        },
        "http_req_duration": {
            "min": 572.3854,
            "med": 1203.5776999999998,
            "max": 3908.9358,
            "p(90)": 3261.06578,
            "p(95)": 3585.0007899999996,
            "avg": 1701.2156375
        },
        "http_req_blocked": {
            "avg": 49.520362500000005,
            "min": 34.6775,
            "med": 46.748400000000004,
            "max": 92.0275,
            "p(90)": 62.39894999999999,
            "p(95)": 77.21322499999998
        },
        "iterations": {
            "count": 4,
            "rate": 0.08795543002830221
        }
    },
    "root_group": {
        "path": "",
        "id": "d41d8cd98f00b204e9800998ecf8427e",
        "groups": {},
        "checks": {
                "200 OK": {
                    "fails": 0,
                    "name": "200 OK",
                    "path": "::200 OK",
                    "id": "e9654c443eff553da9e69eda7007924e",
                    "passes": 4
                },
                "201 Created": {
                    "path": "::201 Created",
                    "id": "728dcd977aae263ca314731145e1d447",
                    "passes": 0,
                    "fails": 4,
                    "name": "201 Created"
                },
                "204 No Content": {
                    "name": "204 No Content",
                    "path": "::204 No Content",
                    "id": "54fa3c2eda34e1622fda2da5e0479fc5",
                    "passes": 0,
                    "fails": 4
                },
                "400 Bad Request": {
                    "path": "::400 Bad Request",
                    "id": "eeae81934b9b58bccaf0184a6d070338",
                    "passes": 0,
                    "fails": 4,
                    "name": "400 Bad Request"
                },
                "401 Unauthorized": {
                    "name": "401 Unauthorized",
                    "path": "::401 Unauthorized",
                    "id": "6ae9254e6aefe7f0bafe5102fa7e20a5",
                    "passes": 0,
                    "fails": 4
                },
                "403 Forbidden": {
                    "name": "403 Forbidden",
                    "path": "::403 Forbidden",
                    "id": "655548b761742c5a7ad15aa7df3a5d9c",
                    "passes": 0,
                    "fails": 4
                },
                "404 Not Found": {
                    "path": "::404 Not Found",
                    "id": "df1528f9925ca236bac51008f77b774a",
                    "passes": 0,
                    "fails": 4,
                    "name": "404 Not Found"
                },
                "429 Too Many Requests": {
                    "id": "b810c35b9499cc7342fd415032e3a6aa",
                    "passes": 0,
                    "fails": 4,
                    "name": "429 Too Many Requests",
                    "path": "::429 Too Many Requests"
                },
                "500 Internal Server Error": {
                    "passes": 0,
                    "fails": 4,
                    "name": "500 Internal Server Error",
                    "path": "::500 Internal Server Error",
                    "id": "3cd96245b24e869810efe46d533b0eef"
                },
                "502 Bad Gateway": {
                    "name": "502 Bad Gateway",
                    "path": "::502 Bad Gateway",
                    "id": "712cb0ec189a11f31f0d6d0c0031b569",
                    "passes": 0,
                    "fails": 4
                },
                "503 Service Unavailable": {
                    "path": "::503 Service Unavailable",
                    "id": "f1ea1a22be0dc738c385523a66ea1cd9",
                    "passes": 0,
                    "fails": 4,
                    "name": "503 Service Unavailable"
                },
                "504 Gateway Timeout": {
                    "name": "504 Gateway Timeout",
                    "path": "::504 Gateway Timeout",
                    "id": "218efb729cb654723ccd57c6ebbebe29",
                    "passes": 0,
                    "fails": 4
                }
            },
        "name": ""
    }
}